Workbook

Sheet Errores_Jira_Data
A1: ID Jira | B1: Fecha reporte | C1: Proyecto | D1: Página / URL | E1: Descripción | F1: Tipo error | G1: Prioridad | H1: Responsable | I1: Estado | J1: Días abiertos | K1: Fecha estimada resolución | L1: Observaciones
J2: =IF(B2="","",TODAY()-B2)
J3: =IF(B3="","",TODAY()-B3)
J4: =IF(B4="","",TODAY()-B4)
J5: =IF(B5="","",TODAY()-B5)
J6: =IF(B6="","",TODAY()-B6)
J7: =IF(B7="","",TODAY()-B7)
J8: =IF(B8="","",TODAY()-B8)
J9: =IF(B9="","",TODAY()-B9)
J10: =IF(B10="","",TODAY()-B10)
J11: =IF(B11="","",TODAY()-B11)
J12: =IF(B12="","",TODAY()-B12)
J13: =IF(B13="","",TODAY()-B13)
... J199: =IF(B199="","",TODAY()-B199)

Sheet Dashboard
A1: KPI DAILY ERRORES WEB
A3: Pendientes | B3: =COUNTIF(Errores_Jira_Data!I:I,"Pendiente")
A4: En proceso | B4: =COUNTIF(Errores_Jira_Data!I:I,"En proceso")
A5: En revisión | B5: =COUNTIF(Errores_Jira_Data!I:I,"En revisión")
A6: Resueltos | B6: =COUNTIF(Errores_Jira_Data!I:I,"Resuelto")
A8: Errores críticos abiertos (>7 días) | B8: =COUNTIFS(Errores_Jira_Data!J:J,">7",Errores_Jira_Data!I:I,"<>Resuelto")

Sheet Resumen
A1: Responsable | B1: Pendientes | C1: En proceso
A2: Dev 1 | B2: =COUNTIFS(Errores_Jira_Data!H:H,A2,Errores_Jira_Data!I:I,"Pendiente") | C2: =COUNTIFS(Errores_Jira_Data!H:H,A2,Errores_Jira_Data!I:I,"En proceso")
A3: Dev 2 | B3: =COUNTIFS(Errores_Jira_Data!H:H,A3,Errores_Jira_Data!I:I,"Pendiente") | C3: =COUNTIFS(Errores_Jira_Data!H:H,A3,Errores_Jira_Data!I:I,"En proceso")
A4: QA | B4: =COUNTIFS(Errores_Jira_Data!H:H,A4,Errores_Jira_Data!I:I,"Pendiente") | C4: =COUNTIFS(Errores_Jira_Data!H:H,A4,Errores_Jira_Data!I:I,"En proceso")
A5: UX | B5: =COUNTIFS(Errores_Jira_Data!H:H,A5,Errores_Jira_Data!I:I,"Pendiente") | C5: =COUNTIFS(Errores_Jira_Data!H:H,A5,Errores_Jira_Data!I:I,"En proceso")
A6: Proveedor | B6: =COUNTIFS(Errores_Jira_Data!H:H,A6,Errores_Jira_Data!I:I,"Pendiente") | C6: =COUNTIFS(Errores_Jira_Data!H:H,A6,Errores_Jira_Data!I:I,"En proceso")
